<?xml version="1.0" encoding="utf-8"?>
<unattend xmlns="urn:schemas-microsoft-com:unattend">
  <!-- [snipped for brevity: insert full block from earlier answer] -->
  <settings pass="windowsPE">
    <component name="Microsoft-Windows-Setup" processorArchitecture="amd64" publicKeyToken="31bf3856ad364e35" language="neutral" versionScope="nonSxS">
      <UserData>
        <ProductKey>
          <Key>KWBNQ-7YY26-PJWGG-MP4DC-TMT6T</Key>
        </ProductKey>
        <AcceptEula>true</AcceptEula>
        <FullName>FlexNetOS</FullName>
        <Organization>Element Ark</Organization>
      </UserData>
    </component>
  </settings>
  <settings pass="oobeSystem">
    <component name="Microsoft-Windows-Shell-Setup" processorArchitecture="amd64" publicKeyToken="31bf3856ad364e35" language="neutral" versionScope="nonSxS">
      <AutoLogon>
        <Password>
          <Value>Ai@2030!</Value>
          <PlainText>true</PlainText>
        </Password>
        <Enabled>true</Enabled>
        <LogonCount>2</LogonCount>
        <Username>FlexNetOS</Username>
      </AutoLogon>
      <UserAccounts>
        <LocalAccounts>
          <LocalAccount wcm:action="add">
            <Password>
              <Value>Ai@2030!</Value>
              <PlainText>true</PlainText>
            </Password>
            <DisplayName>FlexNetOS</DisplayName>
            <Group>Administrators</Group>
            <Name>FlexNetOS</Name>
          </LocalAccount>
        </LocalAccounts>
      </UserAccounts>
    </component>
  </settings>
</unattend>
